Name,Conservation
CWC15-M1,0.96
CWC15-T2,0.89
CWC15-T3,0.85
CWC15-S4,0.74
CWC15-H5,0.93
CWC15-R6,0.96
CWC15-P7,0.93
CWC15-Q8,0.81
CWC15-L9,0.81
CWC15-E10,0.81
CWC15-A11,0.85
CWC15-R12,0.85
CWC15-S13,0.52
CWC15-G14,0.93
CWC15-A15,0.59
CWC15-K16,0.78
CWC15-A17,0.33
CWC15-A18,0.48
CWC15-A19,0.33
CWC15-Y20,0.67
CWC15-T21,0.41
CWC15-P22,0.78
CWC15-T23,0.85
CWC15-G24,0.52
CWC15-I25,0.44
CWC15-E26,0.37
CWC15-H27,0.93
CWC15-A28,0.81
CWC15-R29,0.89
CWC15-L30,0.85
CWC15-L31,0.89
CWC15-P32,0.96
CWC15-G33,0.78
CWC15-H34,0.96
CWC15-T35,0.48
CWC15-T36,0.37
CWC15-L37,0.7
CWC15-K38,0.96
CWC15-Y39,0.59
CWC15-R40,0.96
CWC15-K41,0.37
CWC15-F42,0.11
CWC15-K43,0.44
CWC15-E44,0.19
CWC15-E45,0.26
CWC15-E46,0.33
CWC15-N47,0.26
CWC15-L48,0.3
CWC15-R49,0.3
CWC15-A50,0.19
CWC15-N51,0.26
CWC15-C52,0.11
CWC15-A53,0.26
CWC15-Q54,0.19
CWC15-E55,0.33
CWC15-D56,0.26
CWC15-R57,0.26
CWC15-S58,0.33
CWC15-N59,0.22
CWC15-D60,0.41
CWC15-K61,0.26
CWC15-S62,0.22
CWC15-L63,0.22
CWC15-E64,0.37
CWC15-E65,0.3
CWC15-A66,0.11
CWC15-V67,0.19
CWC15-M68,0.11
CWC15-N69,0.3
CWC15-E70,0.33
CWC15-E71,0.19
CWC15-K72,0.19
CWC15-Q73,0.19
CWC15-D74,0.19
CWC15-V75,0.15
CWC15-V76,0.22
CWC15-G77,0.33
CWC15-S78,0.3
CWC15-G79,0.33
CWC15-N80,0.19
CWC15-L81,0.26
CWC15-Q82,0.19
CWC15-E83,0.33
CWC15-T84,0.15
CWC15-R85,0.26
CWC15-S86,0.22
CWC15-E87,0.44
CWC15-K88,0.15
CWC15-D89,0.48
CWC15-Q90,0.26
CWC15-K91,0.3
CWC15-D92,0.22
CWC15-S93,0.15
CWC15-L94,0.37
CWC15-Q95,0.33
CWC15-E96,0.41
CWC15-L97,0.37
CWC15-L98,0.19
CWC15-V99,0.19
CWC15-T100,0.19
CWC15-Q101,0.3
CWC15-K102,0.19
CWC15-N103,0.22
CWC15-K104,0.3
CWC15-V105,0.26
CWC15-E106,0.22
CWC15-D107,0.15
CWC15-K108,0.3
CWC15-A109,0.15
CWC15-E110,0.3
CWC15-L111,0.26
CWC15-E112,0.22
CWC15-G113,0.15
CWC15-N114,0.22
CWC15-E115,0.22
CWC15-Q116,0.19
CWC15-L117,0.22
CWC15-K118,0.19
CWC15-G119,0.15
CWC15-G120,0.15
CWC15-N121,0.15
CWC15-S122,0.33
CWC15-S123,0.26
CWC15-R124,0.37
CWC15-R125,0.22
CWC15-S126,0.33
CWC15-W127,0.74
CWC15-R128,0.67
CWC15-K129,0.26
CWC15-G130,0.15
CWC15-T131,0.52
CWC15-A132,0.33
CWC15-F133,0.7
CWC15-G134,0.37
CWC15-R135,0.52
CWC15-H136,0.15
CWC15-K137,0.48
CWC15-V138,0.26
CWC15-T139,0.19
CWC15-K140,0.41
CWC15-E141,0.15
CWC15-T142,0.19
CWC15-N143,0.26
CWC15-I144,0.22
CWC15-K145,0.44
CWC15-E146,0.22
CWC15-H147,0.11
CWC15-A148,0.15
CWC15-T149,0.15
CWC15-K150,0.19
CWC15-K151,0.11
CWC15-S152,0.15
CWC15-A153,0.15
CWC15-S154,0.19
CWC15-G155,0.19
CWC15-Y156,0.59
CWC15-I157,0.26
CWC15-N158,0.7
CWC15-D159,0.56
CWC15-M160,0.22
CWC15-T161,0.44
CWC15-K162,0.37
CWC15-S163,0.59
CWC15-E164,0.26
CWC15-Y165,0.63
CWC15-H166,0.74
CWC15-Q167,0.41
CWC15-E168,0.33
CWC15-F169,0.74
CWC15-L170,0.48
CWC15-H171,0.26
CWC15-K172,0.48
CWC15-H173,0.37
CWC15-V174,0.52
CWC15-R175,0.44
# MTTSHRPQLEARSGAKAAAYTPTGIEHARLLPGHTTLKYRKFKEEENLRANCAQEDRSNDKSLEEAVMNEEKQDVVGSGNLQETRSEKDQKDSLQELLVTQKNKVEDKAELEGNEQLKGGNSSRRSWRKGTAFGRHKVTKETNIKEHATKKSASGYINDMTKSEYHQEFLHKHVR
# ▇▆▆▅▇▇▇▆▆▆▆▆▄▇▄▆▂▄▂▅▂▆▆▄▂▂▇▆▆▆▆▇▆▇▄▂▅▇▄▇▂▁▂▁▁▂▁▁▁▁▁▁▁▁▂▁▁▂▁▂▁▁▁▂▁▁▁▁▁▂▁▁▁▁▁▁▂▁▂▁▁▁▂▁▁▁▂▁▄▁▁▁▁▂▂▂▂▁▁▁▁▁▁▁▁▁▁▁▁▁▁▁▁▁▁▁▁▁▁▁▁▂▁▂▁▂▅▅▁▁▄▂▅▂▄▁▄▁▁▂▁▁▁▁▂▁▁▁▁▁▁▁▁▁▁▄▁▅▄▁▂▂▄▁▅▅▂▂▅▄▁▄▂▄▂
